Feature,Importance
alcohol,0.12353139600851851
density,0.10322905540298515
volatile acidity,0.10049822212016907
total sulfur dioxide,0.09167008676426254
chlorides,0.08790096154844897
sulphates,0.08636776815272
free sulfur dioxide,0.08621037715982718
pH,0.08429790329773863
residual sugar,0.08380652173755614
citric acid,0.07756656891303157
fixed acidity,0.07492113889474233
